num;nom;sexe;refus;demande;bordereau;avis_cada;date_cada
001;Damien Abad;H;NONE;demande-irfm-damien-abad.pdf;NONE;avis-cada-20173424.pdf;24/11/2017
002;Laurence Abeille;F;NONE;demande-irfm-laurence-abeille.pdf;preuve-envoi-laurence-abeille.jpg;avis-cada-20173423.pdf;24/11/2017
003;Ibrahim Aboubacar;H;NONE;demande-irfm-ibrahim-aboubacar.pdf;NONE;avis-cada-20173422.pdf;24/11/2017
004;Élie Aboud;H;NONE;demande-irfm-elie-aboud.pdf;NONE;avis-cada-20173420.pdf;24/11/2017
005;Bernard Accoyer;H;NONE;demande-irfm-bernard-accoyer.pdf;preuve-envoi-bernard-accoyer.jpg;avis-cada-20173421.pdf;24/11/2017
006;Patricia Adam;F;NONE;demande-irfm-patricia-adam.pdf;preuve-envoi-patricia-adam.pdf;avis-cada-20173419.pdf;24/11/2017
007;Sylviane Alaux;F;NONE;demande-irfm-sylviane-alaux.pdf;NONE;avis-cada-20173418.pdf;24/11/2017
008;Éric Alauzet;H;REFUS;demande-irfm-eric-alauzet.pdf;NONE;avis-cada-20173404.pdf;24/11/2017
009;Yves Albarello;H;NONE;demande-irfm-yves-albarello.pdf;NONE;avis-cada-20173417.pdf;24/11/2017
010;Jean-Pierre Allossery;H;NONE;demande-irfm-jean-pierre-allossery.pdf;NONE;avis-cada-20173416.pdf;24/11/2017
011;Nicole Ameline;F;NONE;demande-irfm-nicole-ameline.pdf;NONE;avis-cada-20173411.pdf;24/11/2017
012;Pouria Amirshahi;H;NONE;demande-irfm-pouria-amirshahi.pdf;NONE;avis-cada-20173410.pdf;24/11/2017
013;François André;H;NONE;demande-irfm-francois-andre.pdf;NONE;avis-cada-20173409.pdf;24/11/2017
014;Sylvie Andrieux;F;NONE;demande-irfm-sylvie-andrieux.pdf;preuve-envoi-sylvie-andrieux.pdf;avis-cada-20173518.pdf;24/11/2017
015;Benoist Apparu;H;NONE;demande-irfm-benoist-apparu.pdf;NONE;avis-cada-20173613.pdf;24/11/2017
016;Nathalie Appéré;F;NONE;demande-irfm-nathalie-appere.pdf;preuve-envoi-nathalie-appere.jpg;avis-cada-20173612.pdf;24/11/2017
017;Kader Arif;H;NONE;demande-irfm-kader-arif.pdf;NONE;avis-cada-20173611.pdf;24/11/2017
018;Laurence Arribagé;F;NONE;demande-irfm-laurence-arribage.pdf;NONE;avis-cada-20173610.pdf;24/11/2017
019;François Asensi;H;NONE;demande-irfm-francois-asensi.pdf;NONE;avis-cada-20173609.pdf;24/11/2017
020;Christian Assaf;H;NONE;demande-irfm-christian-assaf.pdf;preuve-envoi-christian-assaf.pdf;avis-cada-20173608.pdf;24/11/2017
021;Julien Aubert;H;REFUS;demande-irfm-julien-aubert.pdf;NONE;avis-cada-20173883.pdf;23/11/2017
022;Olivier Audibert Troin;H;NONE;demande-irfm-olivier-audibert-troin.pdf;NONE;avis-cada-20173604.pdf;24/11/2017
023;Danielle Auroi;F;NONE;demande-irfm-danielle-auroi.pdf;NONE;avis-cada-20173605.pdf;24/11/2017
024;Pierre Aylagas;H;NONE;demande-irfm-pierre-aylagas.pdf;NONE;avis-cada-20173606.pdf;24/11/2017
025;Bruno Nestor Azerot;H;NONE;demande-irfm-bruno-nestor-azerot.pdf;preuve-envoi-bruno-nestor-azerot.jpg;avis-cada-20173607.pdf;24/11/2017
026;Alexis Bachelay;H;NONE;demande-irfm-alexis-bachelay.pdf;NONE;avis-cada-20173621.pdf;24/11/2017
027;Guillaume Bachelay;H;NONE;demande-irfm-guillaume-bachelay.pdf;NONE;avis-cada-20173622.pdf;24/11/2017
028;Jean-Paul Bacquet;H;NONE;demande-irfm-jean-paul-bacquet.pdf;NONE;avis-cada-20173623.pdf;24/11/2017
029;Dominique Baert;H;NONE;demande-irfm-dominique-baert.pdf;NONE;avis-cada-20173624.pdf;24/11/2017
030;Guy Bailliart;H;NONE;demande-irfm-guy-bailliart.pdf;NONE;avis-cada-20173625.pdf;24/11/2017
031;Patrick Balkany;H;NONE;demande-irfm-patrick-balkany.pdf;preuve-envoi-patrick-balkany.jpg;avis-cada-20173626.pdf;24/11/2017
032;Alain Ballay;H;NONE;demande-irfm-alain-ballay.pdf;preuve-envoi-alain-ballay.jpg;avis-cada-20173627.pdf;24/11/2017
033;Gérard Bapt;H;NONE;demande-irfm-gerard-bapt.pdf;NONE;avis-cada-20173628.pdf;24/11/2017
034;Frédéric Barbier;H;NONE;demande-irfm-frederic-barbier.pdf;NONE;avis-cada-20173629.pdf;24/11/2017
035;Jean-Pierre Barbier;H;NONE;demande-irfm-jean-pierre-barbier.pdf;NONE;avis-cada-20173630.pdf;24/11/2017
036;Serge Bardy;H;NONE;demande-irfm-serge-bardy.pdf;NONE;avis-cada-20173642.pdf;24/11/2017
037;Claude Bartolone;H;NONE;demande-irfm-claude-bartolone.pdf;preuve-envoi-claude-bartolone.jpg;avis-cada-20173643.pdf;24/11/2017
038;Christian Bataille;H;NONE;demande-irfm-christian-bataille.pdf;NONE;avis-cada-20173644.pdf;24/11/2017
039;Delphine Batho;F;NONE;demande-irfm-delphine-batho.pdf;NONE;avis-cada-20173645.pdf;24/11/2017
040;Marie-Noëlle Battistel;F;NONE;demande-irfm-marie-noelle-battistel.pdf;NONE;avis-cada-20173646.pdf;24/11/2017
041;Laurent Baumel;H;NONE;demande-irfm-laurent-baumel.pdf;NONE;avis-cada-20173647.pdf;24/11/2017
042;Philippe Baumel;H;NONE;demande-irfm-philippe-baumel.pdf;NONE;avis-cada-20173648.pdf;24/11/2017
043;Denis Baupin;H;NONE;demande-irfm-denis-baupin.pdf;NONE;avis-cada-20173649.pdf;24/11/2017
044;Nicolas Bays;H;NONE;demande-irfm-nicolas-bays.pdf;NONE;avis-cada-20173650.pdf;24/11/2017
045;Catherine Beaubatie;F;NONE;demande-irfm-catherine-beaubatie.pdf;preuve-envoi-catherine-beaubatie.pdf;avis-cada-20173651.pdf;24/11/2017
046;Marie-Françoise Bechtel;F;NONE;demande-irfm-marie-francoise-bechtel.pdf;NONE;avis-cada-20173686.pdf;24/11/2017
047;Jean-Marie Beffara;H;NONE;demande-irfm-jean-marie-beffara.pdf;NONE;avis-cada-20173687.pdf;24/11/2017
048;Huguette Bello;F;NONE;demande-irfm-huguette-bello.pdf;preuve-envoi-huguette-bello.pdf;avis-cada-20173688.pdf;24/11/2017
049;Luc Belot;H;NONE;demande-irfm-luc-belot.pdf;NONE;avis-cada-20173690.pdf;24/11/2017
050;Jacques Alain Bénisti;H;NONE;demande-irfm-jacques-alain-benisti.pdf;NONE;avis-cada-20173689.pdf;24/11/2017
051;Thierry Benoit;H;NONE;demande-irfm-thierry-benoit.pdf;preuve-envoi-thierry-benoit.pdf;avis-cada-20173692.pdf;24/11/2017
052;Karine Berger;F;NONE;demande-irfm-karine-berger.pdf;NONE;avis-cada-20173691.pdf;24/11/2017
053;Sylvain Berrios;H;NONE;demande-irfm-sylvain-berrios.pdf;NONE;avis-cada-20173693.pdf;24/11/2017
054;Chantal Berthelot;F;NONE;demande-irfm-chantal-berthelot.pdf;NONE;avis-cada-20173694.pdf;24/11/2017
055;Véronique Besse;F;NONE;demande-irfm-veronique-besse.pdf;NONE;avis-cada-20173695.pdf;24/11/2017
056;Gisèle Biémouret;F;NONE;demande-irfm-gisele-biemouret.pdf;NONE;avis-cada-20173696.pdf;24/11/2017
057;Philippe Bies;H;NONE;demande-irfm-philippe-bies.pdf;preuve-envoi-philippe-bies.pdf;avis-cada-20173697.pdf;24/11/2017
058;Erwann Binet;H;NONE;demande-irfm-erwann-binet.pdf;NONE;avis-cada-20173698.pdf;24/11/2017
059;Jean-Pierre Blazy;H;NONE;demande-irfm-jean-pierre-blazy.pdf;NONE;avis-cada-20173699.pdf;24/11/2017
060;Yves Blein;H;NONE;demande-irfm-yves-blein.pdf;NONE;avis-cada-20173701.pdf;24/11/2017
061;Patrick Bloche;H;NONE;demande-irfm-patrick-bloche.pdf;NONE;avis-cada-20173702.pdf;24/11/2017
062;Alain Bocquet;H;NONE;demande-irfm-alain-bocquet.pdf;NONE;avis-cada-20173700.pdf;24/11/2017
063;Daniel Boisserie;H;NONE;demande-irfm-daniel-boisserie.pdf;preuve-envoi-daniel-boisserie.pdf;avis-cada-20173703.pdf;24/11/2017
064;Jacques Bompard;H;NONE;demande-irfm-jacques-bompard.pdf;preuve-envoi-jacques-bompard.jpg;avis-cada-20173704.pdf;24/11/2017
065;Michèle Bonneton;F;NONE;demande-irfm-michele-bonneton.pdf;NONE;avis-cada-20173705.pdf;24/11/2017
066;Marcel Bonnot;H;NONE;demande-irfm-marcel-bonnot.pdf;preuve-envoi-marcel-bonnot.pdf;avis-cada-20173708.pdf;24/11/2017
067;Christophe Borgel;H;NONE;demande-irfm-christophe-borgel.pdf;NONE;avis-cada-20173709.pdf;24/11/2017
068;Jean-Claude Bouchet;H;NONE;demande-irfm-jean-claude-bouchet.pdf;NONE;avis-cada-20173710.pdf;24/11/2017
069;Florent Boudié;H;NONE;demande-irfm-florent-boudie.pdf;NONE;avis-cada-20173727.pdf;24/11/2017
070;Marie-Odile Bouillé;F;NONE;demande-irfm-marie-odile-bouille.pdf;NONE;avis-cada-20173711.pdf;24/11/2017
071;Christophe Bouillon;H;NONE;demande-irfm-christophe-bouillon.pdf;NONE;avis-cada-20173712.pdf;24/11/2017
072;Gilles Bourdouleix;H;NONE;demande-irfm-gilles-bourdouleix.pdf;NONE;avis-cada-20173713.pdf;24/11/2017
073;Brigitte Bourguignon;F;NONE;demande-irfm-brigitte-bourguignon.pdf;NONE;avis-cada-20173714.pdf;24/11/2017
074;Malek Boutih;H;NONE;demande-irfm-malek-boutih.pdf;NONE;avis-cada-20173715.pdf;24/11/2017
075;Kheira Bouziane-Laroussi;F;NONE;demande-irfm-kheira-bouziane-laroussi.pdf;NONE;avis-cada-20173716.pdf;24/11/2017
076;Valérie Boyer;F;NONE;demande-irfm-valerie-boyer.pdf;NONE;avis-cada-20173717.pdf;24/11/2017
077;Emeric Bréhier;H;NONE;demande-irfm-emeric-brehier.pdf;NONE;avis-cada-20173718.pdf;24/11/2017
078;Marine Brenier;F;NONE;demande-irfm-marine-brenier.pdf;preuve-envoi-marine-brenier.jpg;avis-cada-20173719.pdf;24/11/2017
079;Xavier Breton;H;NONE;demande-irfm-xavier-breton.pdf;NONE;avis-cada-20173720.pdf;24/11/2017
080;Philippe Briand;H;NONE;demande-irfm-philippe-briand.pdf;NONE;avis-cada-20173721.pdf;24/11/2017
081;Jean-Louis Bricout;H;NONE;demande-irfm-jean-louis-bricout.pdf;NONE;avis-cada-20173722.pdf;24/11/2017
082;Jean-Jacques Bridey;H;NONE;demande-irfm-jean-jacques-bridey.pdf;NONE;avis-cada-20173723.pdf;24/11/2017
083;Bernard Brochand;H;NONE;demande-irfm-bernard-brochand.pdf;NONE;avis-cada-20173724.pdf;24/11/2017
084;Isabelle Bruneau;F;NONE;demande-irfm-isabelle-bruneau.pdf;NONE;avis-cada-20173725.pdf;24/11/2017
085;Marie-George Buffet;F;NONE;demande-irfm-marie-george-buffet.pdf;NONE;avis-cada-20173726.pdf;24/11/2017
086;Sabine Buis;F;NONE;demande-irfm-sabine-buis.pdf;NONE;avis-cada-20173519.pdf;29/12/2017
087;Jean-Claude Buisine;H;NONE;demande-irfm-jean-claude-buisine.pdf;NONE;avis-cada-20173533.pdf;29/12/2017
088;Sylviane Bulteau;F;NONE;demande-irfm-sylviane-bulteau.pdf;preuve-envoi-sylviane-bulteau.jpg;avis-cada-20173534.pdf;29/12/2017
089;Vincent Burroni;H;NONE;demande-irfm-vincent-burroni.pdf;NONE;avis-cada-20173535.pdf;29/12/2017
090;Dominique Bussereau;H;NONE;demande-irfm-dominique-bussereau.pdf;NONE;avis-cada-20173536.pdf;29/12/2017
091;Alain Calmette;H;NONE;demande-irfm-alain-calmette.pdf;NONE;avis-cada-20173537.pdf;29/12/2017
092;Jean-Christophe Cambadélis;H;NONE;demande-irfm-jean-christophe-cambadelis.pdf;preuve-envoi-jean-christophe-cambadelis.pdf;avis-cada-20173538.pdf;29/12/2017
093;Jean-Jacques Candelier;H;NONE;demande-irfm-jean-jacques-candelier.pdf;NONE;avis-cada-20173539.pdf;29/12/2017
094;Colette Capdevielle;F;NONE;demande-irfm-colette-capdevielle.pdf;NONE;avis-cada-20173540.pdf;29/12/2017
095;Yann Capet;H;REFUS;demande-irfm-yann-capet.pdf;NONE;avis-cada-20173395.pdf;24/11/2017
096;Christophe Caresche;H;NONE;demande-irfm-christophe-caresche.pdf;NONE;avis-cada-20173541.pdf;29/12/2017
097;Marie-Arlette Carlotti;F;NONE;demande-irfm-marie-arlette-carlotti.pdf;NONE;avis-cada-20173542.pdf;29/12/2017
098;Jean-Noël Carpentier;H;NONE;demande-irfm-jean-noel-carpentier.pdf;NONE;avis-cada-20173543.pdf;29/12/2017
099;Olivier Carré;H;NONE;demande-irfm-olivier-carre.pdf;preuve-envoi-olivier-carre.png;avis-cada-20173544.pdf;29/12/2017
100;Gilles Carrez;H;NONE;demande-irfm-gilles-carrez.pdf;preuve-envoi-gilles-carrez.jpg;avis-cada-20173545.pdf;29/12/2017
101;Martine Carrillon-Couvreur;F;NONE;demande-irfm-martine-carrillon-couvreur.pdf;NONE;avis-cada-20173546.pdf;29/12/2017
102;Patrice Carvalho;H;NONE;demande-irfm-patrice-carvalho.pdf;NONE;avis-cada-20173547.pdf;29/12/2017
103;Christophe Castaner;H;NONE;demande-irfm-christophe-castaner.pdf;NONE;avis-cada-20173548.pdf;29/12/2017
104;Laurent Cathala;H;NONE;demande-irfm-laurent-cathala.pdf;NONE;avis-cada-20173549.pdf;03/01/2018
105;Jean-Yves Caullet;H;REFUS;demande-irfm-jean-yves-caullet.pdf;preuve-envoi-jean-yves-caullet.jpg;avis-cada-20173403.pdf;24/11/2017
106;Christophe Cavard;H;NONE;demande-irfm-christophe-cavard.pdf;NONE;avis-cada-20173550.pdf;03/01/2018
107;Yves Censi;H;NONE;demande-irfm-yves-censi.pdf;NONE;avis-cada-20173551.pdf;03/01/2018
108;Nathalie Chabanne;F;NONE;demande-irfm-nathalie-chabanne.pdf;NONE;avis-cada-20173552.pdf;03/01/2018
109;Ary Chalus;H;NONE;demande-irfm-ary-chalus.pdf;NONE;avis-cada-20174114.pdf;03/01/2018
110;Guy Chambefort;H;NONE;demande-irfm-guy-chambefort.pdf;NONE;avis-cada-20173460.pdf;29/12/2017
111;Jean-Paul Chanteguet;H;NONE;demande-irfm-jean-paul-chanteguet.pdf;preuve-envoi-jean-paul-chanteguet.pdf;avis-cada-20173461.pdf;29/12/2017
112;Marie-Anne Chapdelaine;F;NONE;demande-irfm-marie-anne-chapdelaine.pdf;NONE;avis-cada-20174687.pdf;03/01/2018
113;Gérard Charasse;H;NONE;demande-irfm-gerard-charasse.pdf;NONE;avis-cada-20173463.pdf;29/12/2017
114;Gaby Charroux;H;NONE;demande-irfm-gaby-charroux.pdf;NONE;avis-cada-20174118.pdf;03/01/2018
115;Jérôme Chartier;H;NONE;demande-irfm-jerome-chartier.pdf;NONE;avis-cada-20173476.pdf;29/12/2017
116;André Chassaigne;H;NONE;demande-irfm-andre-chassaigne.pdf;preuve-envoi-andre-chassaigne.jpg;avis-cada-20174688.pdf;03/01/2018
117;Luc Chatel;H;NONE;demande-irfm-luc-chatel.pdf;NONE;avis-cada-20173559.pdf;03/01/2018
118;Guy-Michel Chauveau;H;NONE;demande-irfm-guy-michel-chauveau.pdf;NONE;avis-cada-20173560.pdf;03/01/2018
119;Dominique Chauvel;F;NONE;demande-irfm-dominique-chauvel.pdf;NONE;avis-cada-20173561.pdf;03/01/2018
120;Pascal Cherki;H;NONE;demande-irfm-pascal-cherki.pdf;NONE;avis-cada-20173562.pdf;03/01/2018
121;Gérard Cherpion;H;NONE;demande-irfm-gerard-cherpion.pdf;NONE;avis-cada-20173563.pdf;03/01/2018
122;Guillaume Chevrollier;H;NONE;demande-irfm-guillaume-chevrollier.pdf;NONE;avis-cada-20173564.pdf;03/01/2018
123;Alain Chrétien;H;NONE;demande-irfm-alain-chretien.pdf;NONE;avis-cada-20174689.pdf;03/01/2018
124;Jean-Louis Christ;H;NONE;demande-irfm-jean-louis-christ.pdf;NONE;avis-cada-20173565.pdf;03/01/2018
125;Dino Cinieri;H;NONE;demande-irfm-dino-cinieri.pdf;NONE;avis-cada-20174690.pdf;03/01/2018
126;Jean-David Ciot;H;NONE;demande-irfm-jean-david-ciot.pdf;preuve-envoi-jean-david-ciot.jpg;avis-cada-20173566.pdf;03/01/2018
127;Éric Ciotti;H;NONE;demande-irfm-eric-ciotti.pdf;preuve-envoi-eric-ciotti.jpg;avis-cada-20174117.pdf;03/01/2018
128;Alain Claeys;H;NONE;demande-irfm-alain-claeys.pdf;NONE;avis-cada-20173567.pdf;03/01/2018
129;Stéphane Claireaux;H;NONE;demande-irfm-stephane-claireaux.pdf;NONE;avis-cada-20173568.pdf;03/01/2018
130;Jean-Michel Clément;H;NONE;demande-irfm-jean-michel-clement.pdf;NONE;avis-cada-20174691.pdf;03/01/2018
131;Marie-Françoise Clergeau;F;NONE;demande-irfm-marie-francoise-clergeau.pdf;NONE;avis-cada-20173569.pdf;03/01/2018
132;Philippe Cochet;H;NONE;demande-irfm-philippe-cochet.pdf;preuve-envoi-philippe-cochet.jpg;avis-cada-20173570.pdf;03/01/2018
133;Romain Colas;H;NONE;demande-irfm-romain-colas.pdf;NONE;avis-cada-20173571.pdf;03/01/2018
134;Gilbert Collard;H;NONE;demande-irfm-gilbert-collard.pdf;NONE;avis-cada-20173572.pdf;03/01/2018
135;David Comet;H;NONE;demande-irfm-david-comet.pdf;preuve-envoi-david-comet.pdf;avis-cada-20173573.pdf;03/01/2018
136;Jean-François Copé;H;NONE;demande-irfm-jean-francois-cope.pdf;preuve-envoi-jean-francois-cope.jpg;avis-cada-20173574.pdf;03/01/2018
137;Philip Cordery;H;NONE;demande-irfm-philip-cordery.pdf;NONE;avis-cada-20173587.pdf;03/01/2018
138;François Cornut-Gentille;H;NONE;demande-irfm-francois-cornut-gentille.pdf;NONE;avis-cada-20173588.pdf;03/01/2018
139;Sergio Coronado;H;NONE;demande-irfm-sergio-coronado.pdf;NONE;avis-cada-20174692.pdf;03/01/2018
140;Valérie Corre;F;NONE;demande-irfm-valerie-corre.pdf;NONE;avis-cada-20173575.pdf;03/01/2018
141;Jean-Louis Costes;H;NONE;demande-irfm-jean-louis-costes.pdf;NONE;avis-cada-20173576.pdf;03/01/2018
142;Jean-Jacques Cottel;H;NONE;demande-irfm-jean-jacques-cottel.pdf;NONE;avis-cada-20174693.pdf;03/01/2018
143;Charles de Courson;H;REFUS;demande-irfm-charles-de-courson.pdf;NONE;avis-cada-20173400.pdf;24/11/2017
144;Édouard Courtial;H;NONE;demande-irfm-edouard-courtial.pdf;NONE;avis-cada-20174694.pdf;03/01/2018
145;Catherine Coutelle;F;NONE;demande-irfm-catherine-coutelle.pdf;NONE;avis-cada-20173577.pdf;03/01/2018
146;Jean-Michel Couve;H;NONE;demande-irfm-jean-michel-couve.pdf;NONE;avis-cada-20173578.pdf;03/01/2018
147;Jacques Cresta;H;NONE;demande-irfm-jacques-cresta.pdf;NONE;avis-cada-20173579.pdf;03/01/2018
148;Pascale Crozon;F;NONE;demande-irfm-pascale-crozon.pdf;preuve-envoi-pascale-crozon.png;avis-cada-20174116.pdf;03/01/2018
149;Frédéric Cuvillier;H;NONE;demande-irfm-frederic-cuvillier.pdf;NONE;avis-cada-20173580.pdf;03/01/2018
150;Seybah Dagoma;F;NONE;demande-irfm-seybah-dagoma.pdf;preuve-envoi-seybah-dagoma.jpg;avis-cada-20174696.pdf;19/12/2017
151;Marie-Christine Dalloz;F;NONE;demande-irfm-marie-christine-dalloz.pdf;NONE;avis-cada-20173581.pdf;03/01/2018
152;Karine Daniel;F;REFUS;demande-irfm-karine-daniel.pdf;NONE;avis-cada-20173396.pdf;24/11/2017
153;Yves Daniel;H;NONE;demande-irfm-yves-daniel.pdf;NONE;avis-cada-20173582.pdf;03/01/2018
154;Carlos Da Silva;H;NONE;demande-irfm-carlos-da-silva.pdf;NONE;avis-cada-20174695.pdf;19/12/2017
155;Olivier Dassault;H;NONE;demande-irfm-olivier-dassault.pdf;NONE;avis-cada-20173583.pdf;03/01/2018
156;Marc-Philippe Daubresse;H;NONE;demande-irfm-marc-philippe-daubresse.pdf;NONE;avis-cada-20173584.pdf;03/01/2018
157;Bernard Debré;H;NONE;demande-irfm-bernard-debre.pdf;NONE;avis-cada-20174697.pdf;19/12/2017
158;Jean-Pierre Decool;H;NONE;demande-irfm-jean-pierre-decool.pdf;NONE;avis-cada-20173585.pdf;03/01/2018
159;Bernard Deflesselles;H;NONE;demande-irfm-bernard-deflesselles.pdf;NONE;avis-cada-20174698.pdf;19/12/2017
160;Laurent Degallaix;H;NONE;demande-irfm-laurent-degallaix.pdf;NONE;avis-cada-20173586.pdf;03/01/2018
161;Lucien Degauchy;H;NONE;demande-irfm-lucien-degauchy.pdf;NONE;avis-cada-20173753.pdf;03/01/2018
162;Pascal Deguilhem;H;NONE;demande-irfm-pascal-deguilhem.pdf;NONE;avis-cada-20173754.pdf;03/01/2018
163;Rémi Delatte;H;NONE;demande-irfm-remi-delatte.pdf;NONE;avis-cada-20174699.pdf;19/12/2017
164;Florence Delaunay;F;NONE;demande-irfm-florence-delaunay.pdf;NONE;avis-cada-20173755.pdf;03/01/2018
165;Michèle Delaunay;F;NONE;demande-irfm-michele-delaunay.pdf;NONE;avis-cada-20173756.pdf;03/01/2018
166;Guy Delcourt;H;NONE;demande-irfm-guy-delcourt.pdf;NONE;avis-cada-20173757.pdf;03/01/2018
167;Carole Delga;F;NONE;demande-irfm-carole-delga.pdf;NONE;avis-cada-20173758.pdf;03/01/2018
168;Jacques Dellerie;H;NONE;demande-irfm-jacques-dellerie.pdf;NONE;avis-cada-20173759.pdf;03/01/2018
169;Pascal Demarthe;H;NONE;demande-irfm-pascal-demarthe.pdf;NONE;avis-cada-20173760.pdf;03/01/2018
170;Stéphane Demilly;H;NONE;demande-irfm-stephane-demilly.pdf;NONE;avis-cada-20173761.pdf;03/01/2018
171;Sébastien Denaja;H;NONE;demande-irfm-sebastien-denaja.pdf;NONE;avis-cada-20173762.pdf;03/01/2018
172;Françoise Descamps-Crosnier;F;NONE;demande-irfm-francoise-descamps-crosnier.pdf;NONE;avis-cada-20173777.pdf;03/01/2018
173;Jean-Louis Destans;H;NONE;demande-irfm-jean-louis-destans.pdf;NONE;avis-cada-20173778.pdf;03/01/2018
174;Michel Destot;H;NONE;demande-irfm-michel-destot.pdf;NONE;avis-cada-20173975.pdf;03/01/2018
175;Patrick Devedjian;H;NONE;demande-irfm-patrick-devedjian.pdf;NONE;avis-cada-20173976.pdf;03/01/2018
176;Nicolas Dhuicq;H;NONE;demande-irfm-nicolas-dhuicq.pdf;NONE;avis-cada-20173977.pdf;03/01/2018
177;Sophie Dion;F;NONE;demande-irfm-sophie-dion.pdf;preuve-envoi-sophie-dion.pdf;avis-cada-20173978.pdf;03/01/2018
178;Julien Dive;H;NONE;demande-irfm-julien-dive.pdf;NONE;avis-cada-20173979.pdf;03/01/2018
179;Marc Dolez;H;NONE;demande-irfm-marc-dolez.pdf;NONE;avis-cada-20173980.pdf;03/01/2018
180;Fanny Dombre Coste;F;NONE;demande-irfm-fanny-dombre-coste.pdf;preuve-envoi-fanny-dombre-coste.jpg;avis-cada-20173981.pdf;03/01/2018
181;Jean-Pierre Door;H;NONE;demande-irfm-jean-pierre-door.pdf;NONE;avis-cada-20173982.pdf;03/01/2018
182;Dominique Dord;H;NONE;demande-irfm-dominique-dord.pdf;NONE;avis-cada-20173983.pdf;03/01/2018
183;René Dosière;H;NONE;demande-irfm-rene-dosiere.pdf;NONE;avis-cada-20173984.pdf;03/01/2018
184;Philippe Doucet;H;NONE;demande-irfm-philippe-doucet.pdf;NONE;avis-cada-20173994.pdf;03/01/2018
185;Sandrine Doucet;F;NONE;demande-irfm-sandrine-doucet.pdf;NONE;avis-cada-20173995.pdf;03/01/2018
186;David Douillet;H;NONE;demande-irfm-david-douillet.pdf;NONE;avis-cada-20173996.pdf;03/01/2018
187;Jeanine Dubié;F;NONE;demande-irfm-jeanine-dubie.pdf;NONE;avis-cada-20173997.pdf;03/01/2018
188;Françoise Dubois;F;NONE;demande-irfm-francoise-dubois.pdf;NONE;avis-cada-20173998.pdf;03/01/2018
189;Marianne Dubois;F;NONE;demande-irfm-marianne-dubois.pdf;NONE;avis-cada-20173999.pdf;03/01/2018
190;Virginie Duby-Muller;F;NONE;demande-irfm-virginie-duby-muller.pdf;NONE;avis-cada-20174000.pdf;03/01/2018
191;Jean-Pierre Dufau;H;NONE;demande-irfm-jean-pierre-dufau.pdf;NONE;avis-cada-20173520.pdf;08/12/2017
192;Cécile Duflot;F;NONE;demande-irfm-cecile-duflot.pdf;NONE;avis-cada-20173664.pdf;08/12/2017
193;Anne-Lise Dufour-Tonini;F;NONE;demande-irfm-anne-lise-dufour-tonini.pdf;NONE;avis-cada-20173665.pdf;08/12/2017
194;William Dumas;H;NONE;demande-irfm-william-dumas.pdf;NONE;avis-cada-20173683.pdf;08/12/2017
195;Françoise Dumas;F;NONE;demande-irfm-francoise-dumas.pdf;NONE;avis-cada-20173676.pdf;08/12/2017
196;Laurence Dumont;F;NONE;demande-irfm-laurence-dumont.pdf;NONE;avis-cada-20173681.pdf;08/12/2017
197;Jean-Louis Dumont;H;NONE;demande-irfm-jean-louis-dumont.pdf;NONE;avis-cada-20173682.pdf;08/12/2017
198;Nicolas Dupont-Aignan;H;NONE;demande-irfm-nicolas-dupont-aignan.pdf;NONE;avis-cada-20173680.pdf;08/12/2017
199;Jean-Paul Dupré;H;NONE;demande-irfm-jean-paul-dupre.pdf;NONE;avis-cada-20173679.pdf;08/12/2017
200;Yves Durand;H;NONE;demande-irfm-yves-durand.pdf;NONE;avis-cada-20173678.pdf;08/12/2017
201;Philippe Duron;H;NONE;demande-irfm-philippe-duron.pdf;NONE;avis-cada-20173677.pdf;08/12/2017
202;Olivier Dussopt;H;NONE;demande-irfm-olivier-dussopt.pdf;NONE;avis-cada-20173675.pdf;08/12/2017
203;Eric Elkouby;H;NONE;demande-irfm-eric-elkouby.pdf;preuve-envoi-eric-elkouby.pdf;avis-cada-20173674.pdf;08/12/2017
204;Sophie Errante;F;NONE;demande-irfm-sophie-errante.pdf;preuve-envoi-sophie-errante.pdf;avis-cada-20173673.pdf;08/12/2017
205;Marie-Hélène Fabre;F;NONE;demande-irfm-marie-helene-fabre.pdf;NONE;avis-cada-20173672.pdf;08/12/2017
206;Olivier Falorni;H;NONE;demande-irfm-olivier-falorni.pdf;NONE;avis-cada-20173671.pdf;08/12/2017
207;Daniel Fasquelle;H;NONE;demande-irfm-daniel-fasquelle.pdf;preuve-envoi-daniel-fasquelle.jpg;avis-cada-20173669.pdf;08/12/2017
208;Olivier Faure;H;NONE;demande-irfm-olivier-faure.pdf;NONE;avis-cada-20173668.pdf;08/12/2017
209;Martine Faure;F;NONE;demande-irfm-martine-faure.pdf;NONE;avis-cada-20173670.pdf;08/12/2017
210;Alain Fauré;H;NONE;demande-irfm-alain-faure.pdf;NONE;avis-cada-20173667.pdf;08/12/2017
211;Yannick Favennec;H;NONE;demande-irfm-yannick-favennec.pdf;NONE;avis-cada-20173666.pdf;08/12/2017
212;Georges Fenech;H;NONE;demande-irfm-georges-fenech.pdf;NONE;avis-cada-20173729.pdf;07/12/2017
213;Hervé Féron;H;NONE;demande-irfm-herve-feron.pdf;NONE;avis-cada-20173733.pdf;07/12/2017
214;Richard Ferrand;H;NONE;demande-irfm-richard-ferrand.pdf;preuve-envoi-richard-ferrand.jpg;avis-cada-20173750.pdf;07/12/2017
215;Aurélie Filippetti;F;NONE;demande-irfm-aurelie-filippetti.pdf;NONE;avis-cada-20173749.pdf;07/12/2017
216;François Fillon;H;NONE;demande-irfm-francois-fillon.pdf;NONE;avis-cada-20173748.pdf;07/12/2017
217;Geneviève Fioraso;F;REFUS;demande-irfm-genevieve-fioraso.pdf;NONE;avis-cada-20173393.pdf;24/11/2017
218;Philippe Folliot;H;NONE;demande-irfm-philippe-folliot.pdf;NONE;avis-cada-20173747.pdf;07/12/2017
219;Marie-Louise Fort;F;NONE;demande-irfm-marie-louise-fort.pdf;NONE;avis-cada-20173746.pdf;07/12/2017
220;Yves Foulon;H;NONE;demande-irfm-yves-foulon.pdf;NONE;avis-cada-20173745.pdf;07/12/2017
221;Hugues Fourage;H;NONE;demande-irfm-hugues-fourage.pdf;NONE;avis-cada-20173743.pdf;07/12/2017
222;Jean-Marc Fournel;H;NONE;demande-irfm-jean-marc-fournel.pdf;preuve-envoi-jean-marc-fournel.pdf;avis-cada-20173744.pdf;07/12/2017
223;Valérie Fourneyron;F;NONE;demande-irfm-valerie-fourneyron.pdf;NONE;avis-cada-20173742.pdf;07/12/2017
224;Michèle Fournier-Armand;F;NONE;demande-irfm-michele-fournier-armand.pdf;NONE;avis-cada-20173741.pdf;07/12/2017
225;Michel Françaix;H;NONE;demande-irfm-michel-francaix.pdf;NONE;avis-cada-20173740.pdf;07/12/2017
226;Marc Francina;H;NONE;demande-irfm-marc-francina.pdf;preuve-envoi-marc-francina.jpg;avis-cada-20173739.pdf;07/12/2017
227;Christian Franqueville;H;NONE;demande-irfm-christian-franqueville.pdf;NONE;avis-cada-20173738.pdf;07/12/2017
228;Jacqueline Fraysse;F;NONE;demande-irfm-jacqueline-fraysse.pdf;NONE;avis-cada-20173737.pdf;07/12/2017
229;Jean-Christophe Fromantin;H;NONE;demande-irfm-jean-christophe-fromantin.pdf;NONE;avis-cada-20173736.pdf;07/12/2017
230;Yves Fromion;H;NONE;demande-irfm-yves-fromion.pdf;NONE;avis-cada-20173735.pdf;07/12/2017
231;Jean-Claude Fruteau;H;NONE;demande-irfm-jean-claude-fruteau.pdf;preuve-envoi-jean-claude-fruteau.pdf;avis-cada-20173734.pdf;07/12/2017
232;Laurent Furst;H;NONE;demande-irfm-laurent-furst.pdf;preuve-envoi-laurent-furst.pdf;avis-cada-20173732.pdf;07/12/2017
233;Jean-Louis Gagnaire;H;NONE;demande-irfm-jean-louis-gagnaire.pdf;NONE;avis-cada-20173775.pdf;07/12/2017
234;Geneviève Gaillard;F;NONE;demande-irfm-genevieve-gaillard.pdf;NONE;avis-cada-20173731.pdf;07/12/2017
235;Yann Galut;H;NONE;demande-irfm-yann-galut.pdf;NONE;avis-cada-20173730.pdf;07/12/2017
236;Claude de Ganay;H;NONE;demande-irfm-claude-de-ganay.pdf;NONE;avis-cada-20173807.pdf;07/12/2017
237;Sauveur Gandolfi-Scheit;H;NONE;demande-irfm-sauveur-gandolfi-scheit.pdf;NONE;avis-cada-20173816.pdf;07/12/2017
238;Guillaume Garot;H;REFUS;demande-irfm-guillaume-garot.pdf;NONE;avis-cada-20173408.pdf;24/11/2017
239;Renaud Gauquelin;H;NONE;demande-irfm-renaud-gauquelin.pdf;NONE;avis-cada-20173815.pdf;07/12/2017
240;Hervé Gaymard;H;NONE;demande-irfm-herve-gaymard.pdf;NONE;avis-cada-20173814.pdf;07/12/2017
241;Annie Genevard;F;NONE;demande-irfm-annie-genevard.pdf;preuve-envoi-annie-genevard.pdf;avis-cada-20173830.pdf;06/12/2017
242;Guy Geoffroy;H;NONE;demande-irfm-guy-geoffroy.pdf;NONE;avis-cada-20173813.pdf;07/12/2017
243;Bernard Gérard;H;NONE;demande-irfm-bernard-gerard.pdf;NONE;avis-cada-20173812.pdf;07/12/2017
244;Jean-Marc Germain;H;NONE;demande-irfm-jean-marc-germain.pdf;NONE;avis-cada-20173811.pdf;07/12/2017
245;Alain Gest;H;NONE;demande-irfm-alain-gest.pdf;NONE;avis-cada-20173810.pdf;07/12/2017
246;Paul Giacobbi;H;NONE;demande-irfm-paul-giacobbi.pdf;NONE;avis-cada-20173809.pdf;07/12/2017
247;Daniel Gibbes;H;NONE;demande-irfm-daniel-gibbes.pdf;NONE;avis-cada-20173808.pdf;07/12/2017
248;Franck Gilard;H;NONE;demande-irfm-franck-gilard.pdf;NONE;avis-cada-20173805.pdf;07/12/2017
249;Jean-Patrick Gille;H;NONE;demande-irfm-jean-patrick-gille.pdf;NONE;avis-cada-20173873.pdf;06/12/2017
250;Georges Ginesta;H;NONE;demande-irfm-georges-ginesta.pdf;NONE;avis-cada-20173876.pdf;06/12/2017
251;Charles-Ange Ginesy;H;NONE;demande-irfm-charles-ange-ginesy.pdf;preuve-envoi-charles-ange-ginesy.jpg;avis-cada-20173875.pdf;06/12/2017
252;Jean-Pierre Giran;H;NONE;demande-irfm-jean-pierre-giran.pdf;NONE;avis-cada-20173874.pdf;06/12/2017
253;Jean Glavany;H;NONE;demande-irfm-jean-glavany.pdf;NONE;avis-cada-20173847.pdf;06/12/2017
254;Yves Goasdoue;H;NONE;demande-irfm-yves-goasdoue.pdf;NONE;avis-cada-20173846.pdf;06/12/2017
255;Claude Goasguen;H;NONE;demande-irfm-claude-goasguen.pdf;NONE;avis-cada-20173845.pdf;06/12/2017
256;Daniel Goldberg;H;NONE;demande-irfm-daniel-goldberg.pdf;NONE;avis-cada-20173844.pdf;06/12/2017
257;Philippe Gomes;H;NONE;demande-irfm-philippe-gomes.pdf;NONE;avis-cada-20173843.pdf;06/12/2017
258;Jean-Pierre Gorges;H;NONE;demande-irfm-jean-pierre-gorges.pdf;NONE;avis-cada-20173806.pdf;07/12/2017
259;Philippe Gosselin;H;REFUS;demande-irfm-philippe-gosselin.pdf;NONE;avis-cada-20173394.pdf;24/11/2017
260;Geneviève Gosselin-Fleury;F;NONE;demande-irfm-genevieve-gosselin-fleury.pdf;NONE;avis-cada-20173858.pdf;06/12/2017
261;Pascale Got;F;NONE;demande-irfm-pascale-got.pdf;NONE;avis-cada-20173867.pdf;06/12/2017
262;Marc Goua;H;NONE;demande-irfm-marc-goua.pdf;NONE;avis-cada-20173871.pdf;06/12/2017
263;Philippe Goujon;H;NONE;demande-irfm-philippe-goujon.pdf;NONE;avis-cada-20173870.pdf;06/12/2017
264;Linda Gourjade;F;NONE;demande-irfm-linda-gourjade.pdf;NONE;avis-cada-20173869.pdf;06/12/2017
265;Laurent Grandguillaume;H;NONE;demande-irfm-laurent-grandguillaume.pdf;NONE;avis-cada-20173868.pdf;06/12/2017
266;Claude Greff;F;NONE;demande-irfm-claude-greff.pdf;NONE;avis-cada-20173866.pdf;06/12/2017
267;Jean Grellier;H;NONE;demande-irfm-jean-grellier.pdf;NONE;avis-cada-20173865.pdf;06/12/2017
268;Arlette Grosskost;F;NONE;demande-irfm-arlette-grosskost.pdf;NONE;avis-cada-20173864.pdf;06/12/2017
269;Serge Grouard;H;NONE;demande-irfm-serge-grouard.pdf;NONE;avis-cada-20174700.pdf;19/12/2017
270;Henri Guaino;H;NONE;demande-irfm-henri-guaino.pdf;preuve-envoi-henri-guaino.pdf;avis-cada-20173863.pdf;06/12/2017
271;Françoise Guégot;F;NONE;demande-irfm-francoise-guegot.pdf;NONE;avis-cada-20173862.pdf;06/12/2017
272;Edith Gueugneau;F;NONE;demande-irfm-edith-gueugneau.pdf;NONE;avis-cada-20173921.pdf;06/12/2017
273;Jean-Claude Guibal;H;NONE;demande-irfm-jean-claude-guibal.pdf;preuve-envoi-jean-claude-guibal.pdf;avis-cada-20173920.pdf;06/12/2017
274;Élisabeth Guigou;F;NONE;demande-irfm-elisabeth-guigou.pdf;NONE;avis-cada-20173919.pdf;06/12/2017
275;Jean-Jacques Guillet;H;NONE;demande-irfm-jean-jacques-guillet.pdf;NONE;avis-cada-20173918.pdf;06/12/2017
276;Christophe Guilloteau;H;NONE;demande-irfm-christophe-guilloteau.pdf;NONE;avis-cada-20173917.pdf;06/12/2017
277;Chantal Guittet;F;NONE;demande-irfm-chantal-guittet.pdf;NONE;avis-cada-20173916.pdf;06/12/2017
278;Meyer Habib;H;NONE;demande-irfm-meyer-habib.pdf;NONE;avis-cada-20173915.pdf;06/12/2017
279;David Habib;H;REFUS;demande-irfm-david-habib.pdf;NONE;avis-cada-20173401.pdf;24/11/2017
280;Razzy Hammadi;H;NONE;demande-irfm-razzy-hammadi.pdf;NONE;avis-cada-20173914.pdf;06/12/2017
281;Benoît Hamon;H;NONE;demande-irfm-benoit-hamon.pdf;preuve-envoi-benoit-hamon.pdf;avis-cada-20173913.pdf;06/12/2017
282;Mathieu Hanotin;H;NONE;demande-irfm-mathieu-hanotin.pdf;NONE;avis-cada-20173912.pdf;06/12/2017
283;Michel Heinrich;H;NONE;demande-irfm-michel-heinrich.pdf;NONE;avis-cada-20172386.pdf;08/12/2017
284;Michel Herbillon;H;NONE;demande-irfm-michel-herbillon.pdf;NONE;avis-cada-20172739.pdf;08/12/2017
285;Antoine Herth;H;NONE;demande-irfm-antoine-herth.pdf;preuve-envoi-antoine-herth.pdf;avis-cada-20172883.pdf;08/12/2017
286;Patrick Hetzel;H;NONE;demande-irfm-patrick-hetzel.pdf;preuve-envoi-patrick-hetzel.pdf;avis-cada-20173361.pdf;08/12/2017
287;Francis Hillmeyer;H;REFUS;demande-irfm-francis-hillmeyer.pdf;NONE;avis-cada-20173399.pdf;24/11/2017
288;Gilda Hobert;F;NONE;demande-irfm-gilda-hobert.pdf;NONE;avis-cada-20173380.pdf;08/12/2017
289;Philippe Houillon;H;NONE;demande-irfm-philippe-houillon.pdf;NONE;avis-cada-20173368.pdf;08/12/2017
290;Guénhaël Huet;H;NONE;demande-irfm-guenhael-huet.pdf;NONE;avis-cada-20173362.pdf;08/12/2017
291;Joëlle Huillier;F;NONE;demande-irfm-joelle-huillier.pdf;NONE;avis-cada-20173356.pdf;08/12/2017
292;Christian Hutin;H;NONE;demande-irfm-christian-hutin.pdf;NONE;avis-cada-20173331.pdf;08/12/2017
293;Sébastien Huyghe;H;NONE;demande-irfm-sebastien-huyghe.pdf;NONE;avis-cada-20173312.pdf;08/12/2017
294;Monique Iborra;F;NONE;demande-irfm-monique-iborra.pdf;NONE;avis-cada-20173217.pdf;08/12/2017
295;Françoise Imbert;F;NONE;demande-irfm-francoise-imbert.pdf;NONE;avis-cada-20173192.pdf;08/12/2017
296;Michel Issindou;H;NONE;demande-irfm-michel-issindou.pdf;NONE;avis-cada-20173066.pdf;08/12/2017
297;Christian Jacob;H;NONE;demande-irfm-christian-jacob.pdf;NONE;avis-cada-20173521.pdf;23/11/2017
298;Denis Jacquat;H;NONE;demande-irfm-denis-jacquat.pdf;preuve-envoi-denis-jacquat.png;avis-cada-20173415.pdf;24/11/2017
299;Éric Jalton;H;NONE;demande-irfm-eric-jalton.pdf;NONE;avis-cada-20173426.pdf;24/11/2017
300;Serge Janquin;H;NONE;demande-irfm-serge-janquin.pdf;NONE;avis-cada-20173430.pdf;24/11/2017
301;Yves Jégo;H;REFUS;demande-irfm-yves-jego.pdf;preuve-envoi-yves-jego.jpg;avis-cada-20173405.pdf;24/11/2017
302;Henri Jibrayel;H;NONE;demande-irfm-henri-jibrayel.pdf;NONE;avis-cada-20173434.pdf;24/11/2017
303;Romain Joron;H;NONE;demande-irfm-romain-joron.pdf;NONE;avis-cada-20173444.pdf;24/11/2017
304;Laurent Kalinowski;H;NONE;demande-irfm-laurent-kalinowski.pdf;NONE;avis-cada-20173445.pdf;24/11/2017
305;Marietta Karamanli;F;NONE;demande-irfm-marietta-karamanli.pdf;NONE;avis-cada-20173447.pdf;24/11/2017
306;Philippe Kemel;H;NONE;demande-irfm-philippe-kemel.pdf;NONE;avis-cada-20173483.pdf;24/11/2017
307;Christian Kert;H;NONE;demande-irfm-christian-kert.pdf;preuve-envoi-christian-kert.pdf;avis-cada-20173484.pdf;24/11/2017
308;Chaynesse Khirouni;F;NONE;demande-irfm-chaynesse-khirouni.pdf;NONE;avis-cada-20173485.pdf;24/11/2017
309;Nathalie Kosciusko-Morizet;F;NONE;demande-irfm-nathalie-kosciusko-morizet.pdf;NONE;avis-cada-20173493.pdf;24/11/2017
310;Jacques Kossowski;H;NONE;demande-irfm-jacques-kossowski.pdf;preuve-envoi-jacques-kossowski.jpg;avis-cada-20173494.pdf;23/11/2017
311;Jacques Krabal;H;NONE;demande-irfm-jacques-krabal.pdf;NONE;avis-cada-20173499.pdf;23/11/2017
312;Patrick Labaune;H;NONE;demande-irfm-patrick-labaune.pdf;NONE;avis-cada-20173503.pdf;23/11/2017
313;Bernadette Laclais;F;NONE;demande-irfm-bernadette-laclais.pdf;preuve-envoi-bernadette-laclais.jpg;avis-cada-20173504.pdf;23/11/2017
314;Valérie Lacroute;F;NONE;demande-irfm-valerie-lacroute.pdf;NONE;avis-cada-20173505.pdf;23/11/2017
315;Conchita Lacuey;F;NONE;demande-irfm-conchita-lacuey.pdf;preuve-envoi-conchita-lacuey.jpg;avis-cada-20173511.pdf;23/11/2017
316;Marc Laffineur;H;NONE;demande-irfm-marc-laffineur.pdf;NONE;avis-cada-20173513.pdf;23/11/2017
317;Sonia Lagarde;F;NONE;demande-irfm-sonia-lagarde.pdf;NONE;avis-cada-20173557.pdf;23/11/2017
318;Jean-Christophe Lagarde;H;NONE;demande-irfm-jean-christophe-lagarde.pdf;NONE;avis-cada-20173531.pdf;23/11/2017
319;François-Michel Lambert;H;NONE;demande-irfm-francois-michel-lambert.pdf;NONE;avis-cada-20173589.pdf;23/11/2017
320;Jérôme Lambert;H;NONE;demande-irfm-jerome-lambert.pdf;preuve-envoi-jerome-lambert.pdf;avis-cada-20173590.pdf;23/11/2017
321;Jacques Lamblin;H;NONE;demande-irfm-jacques-lamblin.pdf;NONE;avis-cada-20173591.pdf;23/11/2017
322;Jean-François Lamour;H;NONE;demande-irfm-jean-francois-lamour.pdf;NONE;avis-cada-20173592.pdf;23/11/2017
323;François Lamy;H;NONE;demande-irfm-francois-lamy.pdf;NONE;avis-cada-20173614.pdf;23/11/2017
324;Anne-Christine Lang;F;NONE;demande-irfm-anne-christine-lang.pdf;NONE;avis-cada-20173618.pdf;23/11/2017
325;Colette Langlade;F;REFUS;demande-irfm-colette-langlade.pdf;NONE;avis-cada-20173402.pdf;24/11/2017
326;Laure de La Raudière;F;NONE;demande-irfm-laure-de-la-raudiere.pdf;NONE;avis-cada-20173501.pdf;23/11/2017
327;Guillaume Larrivé;H;NONE;demande-irfm-guillaume-larrive.pdf;NONE;avis-cada-20173619.pdf;23/11/2017
328;Jean Lassalle;H;NONE;demande-irfm-jean-lassalle.pdf;NONE;avis-cada-20173663.pdf;23/11/2017
329;Jean Launay;H;NONE;demande-irfm-jean-launay.pdf;NONE;avis-cada-20173752.pdf;23/11/2017
330;Jean-Luc Laurent;H;NONE;demande-irfm-jean-luc-laurent.pdf;NONE;avis-cada-20173773.pdf;23/11/2017
331;Charles de La Verpillière;H;NONE;demande-irfm-charles-de-la-verpilliere.pdf;NONE;avis-cada-20173502.pdf;23/11/2017
332;Thierry Lazaro;H;NONE;demande-irfm-thierry-lazaro.pdf;NONE;avis-cada-20173774.pdf;23/11/2017
333;Alain Leboeuf;H;NONE;demande-irfm-alain-leboeuf.pdf;NONE;avis-cada-20173939.pdf;23/11/2017
334;Pierre-Yves Le Borgn';H;NONE;demande-irfm-pierre-yves-le-borgn.pdf;preuve-envoi-pierre-yves-le-borgn.pdf;avis-cada-20173776.pdf;23/11/2017
335;Jean-Yves Le Bouillonnec;H;NONE;demande-irfm-jean-yves-le-bouillonnec.pdf;NONE;avis-cada-20173793.pdf;23/11/2017
336;Marylise Lebranchu;F;NONE;demande-irfm-marylise-lebranchu.pdf;NONE;avis-cada-20173940.pdf;23/11/2017
337;Patrick Lebreton;H;NONE;demande-irfm-patrick-lebreton.pdf;preuve-envoi-patrick-lebreton.pdf;avis-cada-20173941.pdf;23/11/2017
338;Gilbert Le Bris;H;NONE;demande-irfm-gilbert-le-bris.pdf;NONE;avis-cada-20173799.pdf;23/11/2017
339;Isabelle Le Callennec;F;NONE;demande-irfm-isabelle-le-callennec.pdf;NONE;avis-cada-20173802.pdf;23/11/2017
340;Anne-Yvonne Le Dain;F;NONE;demande-irfm-anne-yvonne-le-dain.pdf;NONE;avis-cada-20173819.pdf;23/11/2017
341;Jean-Yves Le Déaut;H;NONE;demande-irfm-jean-yves-le-deaut.pdf;preuve-envoi-jean-yves-le-deaut.pdf;avis-cada-20173831.pdf;23/11/2017
342;Viviane Le Dissez;F;NONE;demande-irfm-viviane-le-dissez.pdf;NONE;avis-cada-20173832.pdf;23/11/2017
343;Vincent Ledoux;H;NONE;demande-irfm-vincent-ledoux.pdf;NONE;avis-cada-20173942.pdf;23/11/2017
344;Michel Lefait;H;NONE;demande-irfm-michel-lefait.pdf;NONE;avis-cada-20173943.pdf;23/11/2017
345;Dominique Lefebvre;H;NONE;demande-irfm-dominique-lefebvre.pdf;NONE;avis-cada-20173944.pdf;23/11/2017
346;Frédéric Lefebvre;H;NONE;demande-irfm-frederic-lefebvre.pdf;NONE;avis-cada-20173945.pdf;23/11/2017
347;Marc Le Fur;H;NONE;demande-irfm-marc-le-fur.pdf;NONE;avis-cada-20173861.pdf;23/11/2017
348;Annie Le Houerou;F;NONE;demande-irfm-annie-le-houerou.pdf;preuve-envoi-annie-le-houerou.jpg;avis-cada-20173877.pdf;23/11/2017
349;Pierre Lellouche;H;REFUS;demande-irfm-pierre-lellouche.pdf;NONE;avis-cada-20173398.pdf;24/11/2017
350;Annick Le Loch;F;NONE;demande-irfm-annick-le-loch.pdf;NONE;avis-cada-20173926.pdf;23/11/2017
351;Axelle Lemaire;F;NONE;demande-irfm-axelle-lemaire.pdf;NONE;avis-cada-20173946.pdf;23/11/2017
352;Bruno Le Maire;H;NONE;demande-irfm-bruno-le-maire.pdf;NONE;avis-cada-20173927.pdf;23/11/2017
353;Patrick Lemasle;H;NONE;demande-irfm-patrick-lemasle.pdf;NONE;avis-cada-20173947.pdf;23/11/2017
354;Dominique Le Mèner;H;NONE;demande-irfm-dominique-le-mener.pdf;NONE;avis-cada-20173928.pdf;23/11/2017
355;Catherine Lemorton;F;NONE;demande-irfm-catherine-lemorton.pdf;NONE;avis-cada-20173948.pdf;23/11/2017
356;Christophe Léonard;H;NONE;demande-irfm-christophe-leonard.pdf;NONE;avis-cada-20173951.pdf;23/11/2017
357;Jean Leonetti;H;NONE;demande-irfm-jean-leonetti.pdf;NONE;avis-cada-20173952.pdf;23/11/2017
358;Annick Lepetit;F;NONE;demande-irfm-annick-lepetit.pdf;NONE;avis-cada-20173953.pdf;23/11/2017
359;Pierre Lequiller;H;NONE;demande-irfm-pierre-lequiller.pdf;NONE;avis-cada-20173954.pdf;23/11/2017
360;Philippe Le Ray;H;NONE;demande-irfm-philippe-le-ray.pdf;preuve-envoi-philippe-le-ray.png;avis-cada-20173929.pdf;23/11/2017
361;Jean-Pierre Le Roch;H;NONE;demande-irfm-jean-pierre-le-roch.pdf;NONE;avis-cada-20173930.pdf;23/11/2017
362;Bruno Le Roux;H;NONE;demande-irfm-bruno-le-roux.pdf;preuve-envoi-bruno-le-roux.pdf;avis-cada-20173931.pdf;23/11/2017
363;Arnaud Leroy;H;NONE;demande-irfm-arnaud-leroy.pdf;NONE;avis-cada-20173955.pdf;23/11/2017
364;Maurice Leroy;H;NONE;demande-irfm-maurice-leroy.pdf;NONE;avis-cada-20173956.pdf;23/11/2017
365;Marie-Thérèse Le Roy;F;NONE;demande-irfm-marie-therese-le-roy.pdf;NONE;avis-cada-20173932.pdf;23/11/2017
366;Michel Lesage;H;NONE;demande-irfm-michel-lesage.pdf;NONE;avis-cada-20173957.pdf;23/11/2017
367;Bernard Lesterlin;H;NONE;demande-irfm-bernard-lesterlin.pdf;NONE;avis-cada-20173958.pdf;23/11/2017
368;Serge Letchimy;H;NONE;demande-irfm-serge-letchimy.pdf;preuve-envoi-serge-letchimy.jpg;avis-cada-20173959.pdf;23/11/2017
369;Céleste Lett;H;NONE;demande-irfm-celeste-lett.pdf;NONE;avis-cada-20173960.pdf;23/11/2017
370;Marie Le Vern;F;NONE;demande-irfm-marie-le-vern.pdf;NONE;avis-cada-20173933.pdf;23/11/2017
371;Geneviève Levy;F;NONE;demande-irfm-genevieve-levy.pdf;NONE;avis-cada-20173522.pdf;24/11/2017
372;Michel Liebgott;H;NONE;demande-irfm-michel-liebgott.pdf;NONE;avis-cada-20173392.pdf;24/11/2017
373;Martine Lignières-Cassou;F;NONE;demande-irfm-martine-lignieres-cassou.pdf;NONE;avis-cada-20173412.pdf;24/11/2017
374;Audrey Linkenheld;F;NONE;demande-irfm-audrey-linkenheld.pdf;NONE;avis-cada-20173514.pdf;24/11/2017
375;François Loncle;H;NONE;demande-irfm-francois-loncle.pdf;NONE;avis-cada-20173878.pdf;24/11/2017
376;Gabrielle Louis-Carabin;F;NONE;demande-irfm-gabrielle-louis-carabin.pdf;NONE;avis-cada-20173879.pdf;24/11/2017
377;Lucette Lousteau;F;NONE;demande-irfm-lucette-lousteau.pdf;NONE;avis-cada-20173880.pdf;24/11/2017
378;Véronique Louwagie;F;NONE;demande-irfm-veronique-louwagie.pdf;NONE;avis-cada-20173881.pdf;24/11/2017
379;Lionnel Luca;H;NONE;demande-irfm-lionnel-luca.pdf;NONE;avis-cada-20173882.pdf;24/11/2017
380;Victorin Lurel;H;NONE;demande-irfm-victorin-lurel.pdf;NONE;NONE;NONE
381;Gilles Lurton;H;NONE;demande-irfm-gilles-lurton.pdf;preuve-envoi-gilles-lurton.pdf;avis-cada-20174010.pdf;23/11/2017
382;Jean-Pierre Maggi;H;NONE;demande-irfm-jean-pierre-maggi.pdf;preuve-envoi-jean-pierre-maggi.pdf;avis-cada-20174011.pdf;23/11/2017
383;Noël Mamère;H;NONE;demande-irfm-noel-mamere.pdf;preuve-envoi-noel-mamere.jpg;avis-cada-20174012.pdf;23/11/2017
384;Jean-François Mancel;H;NONE;demande-irfm-jean-francois-mancel.pdf;NONE;avis-cada-20174013.pdf;23/11/2017
385;Jacqueline Maquet;F;NONE;demande-irfm-jacqueline-maquet.pdf;NONE;avis-cada-20174014.pdf;23/11/2017
386;Laurent Marcangeli;H;NONE;demande-irfm-laurent-marcangeli.pdf;NONE;avis-cada-20174015.pdf;23/11/2017
387;Marie-Lou Marcel;F;NONE;demande-irfm-marie-lou-marcel.pdf;NONE;avis-cada-20174016.pdf;23/11/2017
388;Marion Maréchal-Le Pen;F;NONE;demande-irfm-marion-marechal-le-pen.pdf;NONE;avis-cada-20174017.pdf;23/11/2017
389;Thierry Mariani;H;NONE;demande-irfm-thierry-mariani.pdf;NONE;avis-cada-20174018.pdf;23/11/2017
390;Alfred Marie-Jeanne;H;NONE;demande-irfm-alfred-marie-jeanne.pdf;preuve-envoi-alfred-marie-jeanne.jpg;avis-cada-20174019.pdf;23/11/2017
391;Hervé Mariton;H;NONE;demande-irfm-herve-mariton.pdf;NONE;avis-cada-20174020.pdf;23/11/2017
392;Olivier Marleix;H;NONE;demande-irfm-olivier-marleix.pdf;preuve-envoi-olivier-marleix.jpg;avis-cada-20174024.pdf;23/11/2017
393;Alain Marleix;H;NONE;demande-irfm-alain-marleix.pdf;NONE;avis-cada-20174023.pdf;23/11/2017
394;Franck Marlin;H;NONE;demande-irfm-franck-marlin.pdf;NONE;avis-cada-20174025.pdf;23/11/2017
395;Jean-René Marsac;H;NONE;demande-irfm-jean-rene-marsac.pdf;NONE;avis-cada-20174026.pdf;23/11/2017
396;Alain Marsaud;H;NONE;demande-irfm-alain-marsaud.pdf;NONE;avis-cada-20174027.pdf;23/11/2017
397;Philippe Martin;H;NONE;demande-irfm-philippe-martin.pdf;NONE;avis-cada-20174028.pdf;23/11/2017
398;Philippe Armand Martin;H;NONE;demande-irfm-philippe-armand-martin.pdf;NONE;avis-cada-20174029.pdf;23/11/2017
399;Martine Martinel;F;NONE;demande-irfm-martine-martinel.pdf;NONE;avis-cada-20174031.pdf;23/11/2017
400;Patrice Martin-Lalande;H;NONE;demande-irfm-patrice-martin-lalande.pdf;NONE;avis-cada-20174030.pdf;23/11/2017
401;Alain Marty;H;NONE;demande-irfm-alain-marty.pdf;NONE;avis-cada-20174032.pdf;23/11/2017
402;Frédérique Massat;F;NONE;demande-irfm-frederique-massat.pdf;NONE;avis-cada-20174033.pdf;23/11/2017
403;Véronique Massonneau;F;NONE;demande-irfm-veronique-massonneau.pdf;NONE;avis-cada-20174034.pdf;23/11/2017
404;Jean-Claude Mathis;H;NONE;demande-irfm-jean-claude-mathis.pdf;NONE;avis-cada-20174035.pdf;23/11/2017
405;Sandrine Mazetier;F;NONE;demande-irfm-sandrine-mazetier.pdf;NONE;avis-cada-20174036.pdf;23/11/2017
406;François de Mazières;H;NONE;demande-irfm-francois-de-mazieres.pdf;NONE;avis-cada-20174037.pdf;23/11/2017
407;Michel Ménard;H;NONE;demande-irfm-michel-menard.pdf;NONE;avis-cada-20174038.pdf;23/11/2017
408;Patrick Mennucci;H;NONE;demande-irfm-patrick-mennucci.pdf;NONE;avis-cada-20174039.pdf;23/11/2017
409;Gérard Menuel;H;NONE;demande-irfm-gerard-menuel.pdf;NONE;avis-cada-20174040.pdf;23/11/2017
410;Damien Meslot;H;NONE;demande-irfm-damien-meslot.pdf;NONE;avis-cada-20174041.pdf;23/11/2017
411;Kléber Mesquida;H;NONE;demande-irfm-kleber-mesquida.pdf;NONE;avis-cada-20174042.pdf;23/11/2017
412;Philippe Meunier;H;NONE;demande-irfm-philippe-meunier.pdf;NONE;avis-cada-20174043.pdf;23/11/2017
413;Jean-Claude Mignon;H;NONE;demande-irfm-jean-claude-mignon.pdf;NONE;avis-cada-20174044.pdf;23/11/2017
414;Paul Molac;H;NONE;demande-irfm-paul-molac.pdf;preuve-envoi-paul-molac.jpg;avis-cada-20174045.pdf;23/11/2017
415;Pierre Morange;H;NONE;demande-irfm-pierre-morange.pdf;NONE;avis-cada-20174046.pdf;23/11/2017
416;Yannick Moreau;H;NONE;demande-irfm-yannick-moreau.pdf;preuve-envoi-yannick-moreau.jpg;avis-cada-20174047.pdf;23/11/2017
417;Pierre Morel-A-L'Huissier;H;NONE;demande-irfm-pierre-morel-a-lhuissier.pdf;preuve-envoi-pierre-morel-a-lhuissier.pdf;avis-cada-20174048.pdf;23/11/2017
418;Alain Moyne-Bressand;H;NONE;demande-irfm-alain-moyne-bressand.pdf;NONE;avis-cada-20174049.pdf;23/11/2017
419;Pierre-Alain Muet;H;NONE;demande-irfm-pierre-alain-muet.pdf;NONE;avis-cada-20174050.pdf;23/11/2017
420;Jacques Myard;H;NONE;demande-irfm-jacques-myard.pdf;NONE;avis-cada-20174051.pdf;23/11/2017
421;Dominique Nachury;F;REFUS;demande-irfm-dominique-nachury.pdf;NONE;avis-cada-20174052.pdf;23/11/2017
422;Philippe Naillet;H;NONE;demande-irfm-philippe-naillet.pdf;preuve-envoi-philippe-naillet.pdf;avis-cada-20174054.pdf;23/11/2017
423;Philippe Nauche;H;NONE;demande-irfm-philippe-nauche.pdf;preuve-envoi-philippe-nauche.jpg;avis-cada-20174055.pdf;23/11/2017
424;Yves Nicolin;H;NONE;demande-irfm-yves-nicolin.pdf;NONE;avis-cada-20174056.pdf;23/11/2017
425;Nathalie Nieson;F;NONE;demande-irfm-nathalie-nieson.pdf;NONE;avis-cada-20174057.pdf;23/11/2017
426;Jean-Philippe Nilor;H;NONE;demande-irfm-jean-philippe-nilor.pdf;NONE;avis-cada-20174058.pdf;23/11/2017
427;Philippe Noguès;H;NONE;demande-irfm-philippe-nogues.pdf;NONE;avis-cada-20174059.pdf;23/11/2017
428;Robert Olive;H;NONE;demande-irfm-robert-olive.pdf;NONE;avis-cada-20174060.pdf;23/11/2017
429;Maud Olivier;F;NONE;demande-irfm-maud-olivier.pdf;NONE;avis-cada-20174061.pdf;23/11/2017
430;Patrick Ollier;H;NONE;demande-irfm-patrick-ollier.pdf;NONE;avis-cada-20174062.pdf;23/11/2017
431;Dominique Orliac;F;REFUS;demande-irfm-dominique-orliac.pdf;NONE;avis-cada-20173407.pdf;24/11/2017
432;Monique Orphé;F;NONE;demande-irfm-monique-orphe.pdf;preuve-envoi-monique-orphe.pdf;avis-cada-20174063.pdf;23/11/2017
433;Michel Pajon;H;NONE;demande-irfm-michel-pajon.pdf;NONE;avis-cada-20174064.pdf;23/11/2017
434;Bertrand Pancher;H;NONE;demande-irfm-bertrand-pancher.pdf;NONE;avis-cada-20174065.pdf;23/11/2017
435;Luce Pane;F;NONE;demande-irfm-luce-pane.pdf;NONE;avis-cada-20174066.pdf;23/11/2017
436;Christian Paul;H;NONE;demande-irfm-christian-paul.pdf;NONE;avis-cada-20174068.pdf;23/11/2017
437;George Pau-Langevin;F;NONE;demande-irfm-george-pau-langevin.pdf;NONE;avis-cada-20174067.pdf;23/11/2017
438;Rémi Pauvros;H;NONE;demande-irfm-remi-pauvros.pdf;preuve-envoi-remi-pauvros.pdf;avis-cada-20174069.pdf;23/11/2017
439;Germinal Peiro;H;NONE;demande-irfm-germinal-peiro.pdf;NONE;avis-cada-20174070.pdf;23/11/2017
440;Jacques Pélissard;H;NONE;demande-irfm-jacques-pelissard.pdf;NONE;avis-cada-20174071.pdf;23/11/2017
441;Hervé Pellois;H;NONE;demande-irfm-herve-pellois.pdf;NONE;avis-cada-20174072.pdf;23/11/2017
442;Jean-Claude Perez;H;NONE;demande-irfm-jean-claude-perez.pdf;NONE;avis-cada-20174073.pdf;23/11/2017
443;Stéphanie Pernod Beaudon;F;REFUS;demande-irfm-stephanie-pernod-beaudon.pdf;NONE;avis-cada-20173397.pdf;24/11/2017
444;Bernard Perrut;H;NONE;demande-irfm-bernard-perrut.pdf;NONE;avis-cada-20173524.pdf;27/11/2017
445;Edouard Philippe;H;NONE;demande-irfm-edouard-philippe.pdf;NONE;avis-cada-20173593.pdf;27/11/2017
446;Sébastien Pietrasanta;H;NONE;demande-irfm-sebastien-pietrasanta.pdf;preuve-envoi-sebastien-pietrasanta.pdf;avis-cada-20173594.pdf;27/11/2017
447;Sylvia Pinel;F;NONE;demande-irfm-sylvia-pinel.pdf;preuve-envoi-sylvia-pinel.pdf;avis-cada-20173595.pdf;27/11/2017
448;Christine Pires Beaune;F;REFUS;demande-irfm-christine-pires-beaune.pdf;preuve-envoi-christine-pires-beaune.jpg;avis-cada-20173406.pdf;24/11/2017
449;Michel Piron;H;NONE;demande-irfm-michel-piron.pdf;NONE;avis-cada-20173596.pdf;27/11/2017
450;Philippe Plisson;H;NONE;demande-irfm-philippe-plisson.pdf;NONE;avis-cada-20173597.pdf;27/11/2017
451;Elisabeth Pochon;F;NONE;demande-irfm-elisabeth-pochon.pdf;NONE;avis-cada-20173598.pdf;27/11/2017
452;Jean-Frédéric Poisson;H;NONE;demande-irfm-jean-frederic-poisson.pdf;NONE;avis-cada-20173599.pdf;27/11/2017
453;Bérengère Poletti;F;NONE;demande-irfm-berengere-poletti.pdf;NONE;avis-cada-20173600.pdf;27/11/2017
454;Napole Polutélé;H;NONE;demande-irfm-napole-polutele.pdf;NONE;avis-cada-20173601.pdf;27/11/2017
455;Axel Poniatowski;H;NONE;demande-irfm-axel-poniatowski.pdf;NONE;avis-cada-20173602.pdf;29/11/2017
456;Josette Pons;F;NONE;demande-irfm-josette-pons.pdf;NONE;avis-cada-20173631.pdf;27/11/2017
457;Pascal Popelin;H;NONE;demande-irfm-pascal-popelin.pdf;NONE;avis-cada-20173632.pdf;29/11/2017
458;Dominique Potier;H;NONE;demande-irfm-dominique-potier.pdf;NONE;avis-cada-20173633.pdf;29/11/2017
459;Michel Pouzol;H;NONE;demande-irfm-michel-pouzol.pdf;preuve-envoi-michel-pouzol.jpg;avis-cada-20173634.pdf;29/11/2017
460;Régine Povéda;F;NONE;demande-irfm-regine-poveda.pdf;NONE;avis-cada-20173635.pdf;29/11/2017
461;Patrice Prat;H;NONE;demande-irfm-patrice-prat.pdf;NONE;avis-cada-20173636.pdf;29/11/2017
462;Christophe Premat;H;NONE;demande-irfm-christophe-premat.pdf;NONE;avis-cada-20173637.pdf;29/11/2017
463;Christophe Priou;H;NONE;demande-irfm-christophe-priou.pdf;NONE;avis-cada-20173638.pdf;29/11/2017
464;Joaquim Pueyo;H;NONE;demande-irfm-joaquim-pueyo.pdf;NONE;avis-cada-20173639.pdf;29/11/2017
465;François Pupponi;H;NONE;demande-irfm-francois-pupponi.pdf;NONE;avis-cada-20173640.pdf;29/11/2017
466;Didier Quentin;H;NONE;demande-irfm-didier-quentin.pdf;NONE;avis-cada-20173653.pdf;29/11/2017
467;Catherine Quéré;F;NONE;demande-irfm-catherine-quere.pdf;NONE;avis-cada-20173654.pdf;29/11/2017
468;Valérie Rabault;F;NONE;demande-irfm-valerie-rabault.pdf;NONE;avis-cada-20173655.pdf;29/11/2017
469;Monique Rabin;F;NONE;demande-irfm-monique-rabin.pdf;NONE;avis-cada-20173656.pdf;29/11/2017
470;Marie Récalde;F;NONE;demande-irfm-marie-recalde.pdf;NONE;avis-cada-20173657.pdf;29/11/2017
471;Frédéric Reiss;H;NONE;demande-irfm-frederic-reiss.pdf;preuve-envoi-frederic-reiss.pdf;avis-cada-20173658.pdf;29/11/2017
472;Jean-Luc Reitzer;H;NONE;demande-irfm-jean-luc-reitzer.pdf;NONE;avis-cada-20173659.pdf;29/11/2017
473;Marie-Line Reynaud;F;NONE;demande-irfm-marie-line-reynaud.pdf;preuve-envoi-marie-line-reynaud.pdf;avis-cada-20173660.pdf;29/11/2017
474;Bernard Reynès;H;NONE;demande-irfm-bernard-reynes.pdf;NONE;avis-cada-20173661.pdf;29/11/2017
475;Franck Reynier;H;NONE;demande-irfm-franck-reynier.pdf;NONE;avis-cada-20173662.pdf;29/11/2017
476;Pierre Ribeaud;H;NONE;demande-irfm-pierre-ribeaud.pdf;NONE;avis-cada-20173763.pdf;29/11/2017
477;Arnaud Richard;H;NONE;demande-irfm-arnaud-richard.pdf;NONE;avis-cada-20173764.pdf;29/11/2017
478;Franck Riester;H;NONE;demande-irfm-franck-riester.pdf;NONE;avis-cada-20173765.pdf;29/11/2017
479;Eduardo Rihan Cypel;H;NONE;demande-irfm-eduardo-rihan-cypel.pdf;NONE;avis-cada-20173766.pdf;29/11/2017
480;Thierry Robert;H;NONE;demande-irfm-thierry-robert.pdf;preuve-envoi-thierry-robert.pdf;avis-cada-20173767.pdf;28/11/2017
481;Denys Robiliard;H;NONE;demande-irfm-denys-robiliard.pdf;NONE;avis-cada-20173768.pdf;28/11/2017
482;Arnaud Robinet;H;NONE;demande-irfm-arnaud-robinet.pdf;NONE;avis-cada-20173769.pdf;28/11/2017
483;Camille de Rocca Serra;H;NONE;demande-irfm-camille-de-rocca-serra.pdf;NONE;avis-cada-20173770.pdf;28/11/2017
484;François Rochebloine;H;NONE;demande-irfm-francois-rochebloine.pdf;NONE;avis-cada-20173771.pdf;28/11/2017
485;Alain Rodet;H;NONE;demande-irfm-alain-rodet.pdf;preuve-envoi-alain-rodet.pdf;avis-cada-20173772.pdf;28/11/2017
486;Marcel Rogemont;H;NONE;demande-irfm-marcel-rogemont.pdf;preuve-envoi-marcel-rogemont.pdf;avis-cada-20173820.pdf;28/11/2017
487;Sophie Rohfritsch;F;NONE;demande-irfm-sophie-rohfritsch.pdf;preuve-envoi-sophie-rohfritsch.pdf;avis-cada-20173821.pdf;28/11/2017
488;Frédéric Roig;H;NONE;demande-irfm-frederic-roig.pdf;NONE;avis-cada-20173822.pdf;28/11/2017
489;Gwendal Rouillard;H;NONE;demande-irfm-gwendal-rouillard.pdf;NONE;avis-cada-20173823.pdf;28/11/2017
490;Jean-Louis Roumegas;H;NONE;demande-irfm-jean-louis-roumegas.pdf;NONE;avis-cada-20173824.pdf;28/11/2017
491;René Rouquet;H;NONE;demande-irfm-rene-rouquet.pdf;preuve-envoi-rene-rouquet.png;avis-cada-20173825.pdf;28/11/2017
492;Alain Rousset;H;NONE;demande-irfm-alain-rousset.pdf;NONE;avis-cada-20173826.pdf;28/11/2017
493;François de Rugy;H;NONE;demande-irfm-francois-de-rugy.pdf;NONE;avis-cada-20173827.pdf;28/11/2017
494;Martial Saddier;H;NONE;demande-irfm-martial-saddier.pdf;NONE;avis-cada-20173828.pdf;28/11/2017
495;Maina Sage;F;NONE;demande-irfm-maina-sage.pdf;NONE;avis-cada-20173780.pdf;28/11/2017
496;Boinali Said;H;NONE;demande-irfm-boinali-said.pdf;NONE;avis-cada-20173779.pdf;28/11/2017
497;Stéphane Saint-André;H;NONE;demande-irfm-stephane-saint-andre.pdf;NONE;avis-cada-20173781.pdf;28/11/2017
498;Paul Salen;H;NONE;demande-irfm-paul-salen.pdf;NONE;avis-cada-20173782.pdf;28/11/2017
499;Rudy Salles;H;NONE;demande-irfm-rudy-salles.pdf;NONE;avis-cada-20173783.pdf;28/11/2017
500;Nicolas Sansu;H;NONE;demande-irfm-nicolas-sansu.pdf;NONE;avis-cada-20173784.pdf;28/11/2017
501;Béatrice Santais;F;NONE;demande-irfm-beatrice-santais.pdf;NONE;avis-cada-20173785.pdf;28/11/2017
502;André Santini;H;NONE;demande-irfm-andre-santini.pdf;NONE;avis-cada-20173786.pdf;28/11/2017
503;Eva Sas;F;NONE;demande-irfm-eva-sas.pdf;NONE;avis-cada-20173787.pdf;28/11/2017
504;Odile Saugues;F;NONE;demande-irfm-odile-saugues.pdf;preuve-envoi-odile-saugues.jpg;avis-cada-20173829.pdf;28/11/2017
505;Gilbert Sauvan;H;NONE;demande-irfm-gilbert-sauvan.pdf;NONE;avis-cada-20173833.pdf;28/11/2017
506;Gilles Savary;H;NONE;demande-irfm-gilles-savary.pdf;NONE;avis-cada-20173834.pdf;28/11/2017
507;François Scellier;H;NONE;demande-irfm-francois-scellier.pdf;NONE;avis-cada-20173835.pdf;28/11/2017
508;Claudine Schmid;F;NONE;demande-irfm-claudine-schmid.pdf;NONE;avis-cada-20173836.pdf;28/11/2017
509;André Schneider;H;NONE;demande-irfm-andre-schneider.pdf;preuve-envoi-andre-schneider.pdf;avis-cada-20173837.pdf;28/11/2017
510;Roger-Gérard Schwartzenberg;H;NONE;demande-irfm-roger-gerard-schwartzenberg.pdf;NONE;avis-cada-20173838.pdf;28/11/2017
511;Gérard Sebaoun;H;NONE;demande-irfm-gerard-sebaoun.pdf;preuve-envoi-gerard-sebaoun.png;avis-cada-20173839.pdf;28/11/2017
512;Jean-Marie Sermier;H;NONE;demande-irfm-jean-marie-sermier.pdf;NONE;avis-cada-20173840.pdf;28/11/2017
513;Gabriel Serville;H;NONE;demande-irfm-gabriel-serville.pdf;NONE;avis-cada-20173790.pdf;28/11/2017
514;Fernand Siré;H;NONE;demande-irfm-fernand-sire.pdf;NONE;avis-cada-20173791.pdf;28/11/2017
515;Thierry Solère;H;NONE;demande-irfm-thierry-solere.pdf;preuve-envoi-thierry-solere.png;NONE;NONE
516;Julie Sommaruga;F;NONE;demande-irfm-julie-sommaruga.pdf;NONE;avis-cada-20173525.pdf;04/12/2017
517;Michel Sordi;H;NONE;demande-irfm-michel-sordi.pdf;NONE;avis-cada-20174080.pdf;27/11/2017
518;Éric Straumann;H;NONE;demande-irfm-eric-straumann.pdf;NONE;avis-cada-20174081.pdf;27/11/2017
519;Claude Sturni;H;NONE;demande-irfm-claude-sturni.pdf;preuve-envoi-claude-sturni.pdf;avis-cada-20174082.pdf;27/11/2017
520;Alain Suguenot;H;NONE;demande-irfm-alain-suguenot.pdf;NONE;avis-cada-20174083.pdf;27/11/2017
521;Michèle Tabarot;F;NONE;demande-irfm-michele-tabarot.pdf;preuve-envoi-michele-tabarot.pdf;avis-cada-20174084.pdf;27/11/2017
522;Jonas Tahuaitu;H;NONE;demande-irfm-jonas-tahuaitu.pdf;NONE;avis-cada-20174086.pdf;27/11/2017
523;Suzanne Tallard;F;NONE;demande-irfm-suzanne-tallard.pdf;NONE;avis-cada-20174091.pdf;27/11/2017
524;Lionel Tardy;H;NONE;demande-irfm-lionel-tardy.pdf;preuve-envoi-lionel-tardy.pdf;avis-cada-20174093.pdf;27/11/2017
525;Jean-Charles Taugourdeau;H;NONE;demande-irfm-jean-charles-taugourdeau.pdf;NONE;avis-cada-20174096.pdf;23/11/2017
526;Guy Teissier;H;NONE;demande-irfm-guy-teissier.pdf;NONE;avis-cada-20174135.pdf;23/11/2017
527;Pascal Terrasse;H;NONE;demande-irfm-pascal-terrasse.pdf;NONE;avis-cada-20174140.pdf;23/11/2017
528;Michel Terrot;H;NONE;demande-irfm-michel-terrot.pdf;NONE;avis-cada-20174141.pdf;23/11/2017
529;Jean-Marie Tetart;H;NONE;demande-irfm-jean-marie-tetart.pdf;NONE;avis-cada-20174142.pdf;23/11/2017
530;Pascal Thévenot;H;NONE;demande-irfm-pascal-thevenot.pdf;NONE;avis-cada-20174143.pdf;23/11/2017
531;Thomas Thévenoud;H;NONE;demande-irfm-thomas-thevenoud.pdf;NONE;avis-cada-20174144.pdf;23/11/2017
532;Dominique Tian;H;NONE;demande-irfm-dominique-tian.pdf;NONE;avis-cada-20174145.pdf;23/11/2017
533;Sylvie Tolmont;F;NONE;demande-irfm-sylvie-tolmont.pdf;NONE;avis-cada-20174146.pdf;23/11/2017
534;Jean-Louis Touraine;H;NONE;demande-irfm-jean-louis-touraine.pdf;NONE;avis-cada-20174147.pdf;23/11/2017
535;Alain Tourret;H;NONE;demande-irfm-alain-tourret.pdf;NONE;avis-cada-20174148.pdf;23/11/2017
536;Stéphane Travert;H;NONE;demande-irfm-stephane-travert.pdf;NONE;avis-cada-20174149.pdf;23/11/2017
537;Yannick Trigance;H;NONE;demande-irfm-yannick-trigance.pdf;NONE;avis-cada-20174150.pdf;23/11/2017
538;Catherine Troallic;F;NONE;demande-irfm-catherine-troallic.pdf;NONE;avis-cada-20174151.pdf;23/11/2017
539;Jean-Paul Tuaiva;H;NONE;demande-irfm-jean-paul-tuaiva.pdf;NONE;avis-cada-20174152.pdf;23/11/2017
540;Cécile Untermaier;F;NONE;demande-irfm-cecile-untermaier.pdf;NONE;avis-cada-20174153.pdf;23/11/2017
541;Daniel Vaillant;H;NONE;demande-irfm-daniel-vaillant.pdf;NONE;avis-cada-20174154.pdf;23/11/2017
542;Jacques Valax;H;NONE;demande-irfm-jacques-valax.pdf;NONE;avis-cada-20174155.pdf;23/11/2017
543;Manuel Valls;H;NONE;demande-irfm-manuel-valls.pdf;NONE;avis-cada-20174156.pdf;23/11/2017
544;François Vannson;H;NONE;demande-irfm-francois-vannson.pdf;NONE;avis-cada-20174157.pdf;23/11/2017
545;Catherine Vautrin;F;NONE;demande-irfm-catherine-vautrin.pdf;NONE;avis-cada-20174158.pdf;23/11/2017
546;Michel Vauzelle;H;NONE;demande-irfm-michel-vauzelle.pdf;NONE;avis-cada-20174159.pdf;23/11/2017
547;Francis Vercamer;H;NONE;demande-irfm-francis-vercamer.pdf;preuve-envoi-francis-vercamer.jpg;avis-cada-20173886.pdf;04/12/2017
548;Patrice Verchère;H;NONE;demande-irfm-patrice-verchere.pdf;NONE;avis-cada-20173889.pdf;04/12/2017
549;Fabrice Verdier;H;NONE;demande-irfm-fabrice-verdier.pdf;NONE;avis-cada-20173891.pdf;04/12/2017
550;Michel Vergnier;H;NONE;demande-irfm-michel-vergnier.pdf;NONE;avis-cada-20173894.pdf;04/12/2017
551;Arnaud Viala;H;NONE;demande-irfm-arnaud-viala.pdf;NONE;avis-cada-20173901.pdf;27/11/2017
552;Jean-Sébastien Vialatte;H;NONE;demande-irfm-jean-sebastien-vialatte.pdf;NONE;avis-cada-20174100.pdf;23/11/2017
553;Jean-Pierre Vigier;H;NONE;demande-irfm-jean-pierre-vigier.pdf;NONE;avis-cada-20174161.pdf;23/11/2017
554;Philippe Vigier;H;NONE;demande-irfm-philippe-vigier.pdf;NONE;avis-cada-20174162.pdf;23/11/2017
555;Patrick Vignal;H;NONE;demande-irfm-patrick-vignal.pdf;NONE;avis-cada-20174163.pdf;23/11/2017
556;François-Xavier Villain;H;NONE;demande-irfm-francois-xavier-villain.pdf;NONE;avis-cada-20174164.pdf;23/11/2017
557;Jean-Michel Villaumé;H;NONE;demande-irfm-jean-michel-villaume.pdf;NONE;avis-cada-20174167.pdf;23/11/2017
558;Philippe Vitel;H;NONE;demande-irfm-philippe-vitel.pdf;NONE;avis-cada-20174168.pdf;23/11/2017
559;Jean Jacques Vlody;H;NONE;demande-irfm-jean-jacques-vlody.pdf;preuve-envoi-jean-jacques-vlody.pdf;avis-cada-20174169.pdf;23/11/2017
560;Michel Voisin;H;NONE;demande-irfm-michel-voisin.pdf;NONE;avis-cada-20174170.pdf;23/11/2017
561;Jean-Luc Warsmann;H;NONE;demande-irfm-jean-luc-warsmann.pdf;NONE;avis-cada-20174171.pdf;23/11/2017
562;Laurent Wauquiez;H;NONE;demande-irfm-laurent-wauquiez.pdf;NONE;avis-cada-20174172.pdf;23/11/2017
563;Patrick Weiten;H;NONE;demande-irfm-patrick-weiten.pdf;NONE;avis-cada-20174173.pdf;23/11/2017
564;Éric Woerth;H;NONE;demande-irfm-eric-woerth.pdf;NONE;avis-cada-20174174.pdf;23/11/2017
565;Paola Zanetti;F;NONE;demande-irfm-paola-zanetti.pdf;NONE;avis-cada-20174175.pdf;23/11/2017
566;Marie-Jo Zimmermann;F;NONE;demande-irfm-marie-jo-zimmermann.pdf;NONE;avis-cada-20174176.pdf;23/11/2017
567;Michel Zumkeller;H;NONE;demande-irfm-michel-zumkeller.pdf;NONE;avis-cada-20174177.pdf;23/11/2017
